mesure;valeur;periode;du;au;monde
Demandes envoyées;1;trimestre (90 jours);2026-07-08;2026-10-06;monde de démonstration
Demandes sans réponse;1;trimestre (90 jours);2026-07-08;2026-10-06;monde de démonstration
Réponses oui;0;trimestre (90 jours);2026-07-08;2026-10-06;monde de démonstration
Réponses non;0;trimestre (90 jours);2026-07-08;2026-10-06;monde de démonstration
Réponses « pas cette fois »;0;trimestre (90 jours);2026-07-08;2026-10-06;monde de démonstration
Délai médian avant le premier oui (jours);moins de 3 oui dans la période : non affiché;trimestre (90 jours);2026-07-08;2026-10-06;monde de démonstration
Membres actifs;< 3;trimestre (90 jours);2026-07-08;2026-10-06;monde de démonstration
Membres hors Valais;zone non renseignée;trimestre (90 jours);2026-07-08;2026-10-06;monde de démonstration
Nouveaux liens tissés;< 3;trimestre (90 jours);2026-07-08;2026-10-06;monde de démonstration
Membres associés;0;trimestre (90 jours);2026-07-08;2026-10-06;monde de démonstration
Partenariats — demande;1;trimestre (90 jours);2026-07-08;2026-10-06;monde de démonstration
Partenariats — accord;< 3;trimestre (90 jours);2026-07-08;2026-10-06;monde de démonstration
Partenariats — essai;0;trimestre (90 jours);2026-07-08;2026-10-06;monde de démonstration
Partenariats — resultat;0;trimestre (90 jours);2026-07-08;2026-10-06;monde de démonstration
Partenariats — retire;0;trimestre (90 jours);2026-07-08;2026-10-06;monde de démonstration
Résultat déclaré — signé;0;trimestre (90 jours);2026-07-08;2026-10-06;monde de démonstration
Résultat déclaré — test sans suite;0;trimestre (90 jours);2026-07-08;2026-10-06;monde de démonstration
Résultat déclaré — contact établi;0;trimestre (90 jours);2026-07-08;2026-10-06;monde de démonstration
Résultat déclaré — abandonné;0;trimestre (90 jours);2026-07-08;2026-10-06;monde de démonstration
